2.313725148076596572e+00,4.980869565217391681e+01,2.357185799142587967e+00,5.131739130434782226e+01
1.578429935807767137e+00,6.893478260869565588e+01,1.742473981043566544e+00,6.389565217391304230e+01
1.200106845860895222e+00,7.923043478260869676e+01,1.476259338078292682e+00,7.163043478260868824e+01
1.031064045688379505e+00,8.238695652173913686e+01,1.429666075369587563e+00,7.383913043478260363e+01
8.746948037458501801e-01,8.598260869565217490e+01,1.379272303244342357e+00,7.305217391304348951e+01
7.865923039291213836e-01,8.791739130434783078e+01,1.252985338801922532e+00,7.596086956521739353e+01
7.293320610471392129e-01,8.880434782608695343e+01,1.299518815589988385e+00,7.437391304347826804e+01
6.481791402982637340e-01,9.030434782608696764e+01,1.006314355394113846e+00,8.123478260869565304e+01
5.923541587332020741e-01,9.098695652173913118e+01,1.008243120623670830e+00,8.023913043478260931e+01
5.439689778763311390e-01,9.184347826086955990e+01,8.469863977121273590e-01,8.365652173913042589e+01
4.978911271561747842e-01,9.266521739130433843e+01,9.312284145666214208e-01,8.145217391304348098e+01
4.760927402454874224e-01,9.262608695652173196e+01,9.110272358293111106e-01,8.121739130434782794e+01
4.378207246894418314e-01,9.345652173913043725e+01,8.764481374750965337e-01,8.187826086956522431e+01
4.085545754950979380e-01,9.396086956521739353e+01,8.180801338475685025e-01,8.357826086956521294e+01
3.858043478882829946e-01,9.425217391304347814e+01,8.084657227215561459e-01,8.295217391304348098e+01
3.746489822864531027e-01,9.453478260869565020e+01,8.521575967902728088e-01,8.146521739130434980e+01
3.509785908719768588e-01,9.498260869565217490e+01,7.364231682342032848e-01,8.559565217391303804e+01
3.279737287241477062e-01,9.542608695652174333e+01,8.013027923262634467e-01,8.335652173913044294e+01
3.178415339926015104e-01,9.553913043478260647e+01,7.382504266241329827e-01,8.527826086956521578e+01
3.002437459385911001e-01,9.593043478260869961e+01,7.355718049018278304e-01,8.400000000000000000e+01
2.964129576216574802e-01,9.581739130434782226e+01,7.586775730485502134e-01,8.444782608695652470e+01
2.890370639769928029e-01,9.607391304347827088e+01,6.880597219519000163e-01,8.601304347826086882e+01
2.597419298213464178e-01,9.662173913043477569e+01,6.735631145860833113e-01,8.693913043478261216e+01
2.632045896156975373e-01,9.668260869565217774e+01,6.299867597611057413e-01,8.780434782608695343e+01
2.499273450478264880e-01,9.674782608695652186e+01,6.787105248026227278e-01,8.647826086956521863e+01
2.454586564198784626e-01,9.676521739130434696e+01,7.174736196580137060e-01,8.593043478260868540e+01
2.337323135655859641e-01,9.692608695652174333e+01,6.285991866951405882e-01,8.729130434782608461e+01
2.255354808724445714e-01,9.706956521739130039e+01,6.437751532896699436e-01,8.668260869565217774e+01
2.135632752076438157e-01,9.733913043478260363e+01,6.438550691241793356e-01,8.721304347826087167e+01
2.208212522060974126e-01,9.707826086956521294e+01,6.195021296324941806e-01,8.690434782608696196e+01
2.029091447591782060e-01,9.766521739130435265e+01,6.692736982003502089e-01,8.650869565217391255e+01
2.027626426323600184e-01,9.739130434782609314e+01,6.031686611797493214e-01,8.793478260869565588e+01
1.867131347241609007e-01,9.772608695652174049e+01,5.470857021601298609e-01,8.923478260869565304e+01
1.969288837650546298e-01,9.762173913043477569e+01,5.768702745437629398e-01,8.870869565217391539e+01
1.813986795104070016e-01,9.767391304347825098e+01,5.973700261634324882e-01,8.838260869565218059e+01
1.785104789163756145e-01,9.773043478260869676e+01,8.279256465642353957e-01,8.174782608695652186e+01
1.765100920977799304e-01,9.798260869565217490e+01,5.638833187196563568e-01,8.935652173913042873e+01
1.619708325551902361e-01,9.818260869565217774e+01,4.994266134241358013e-01,9.046521739130434980e+01
1.636582729609116493e-01,9.799130434782608745e+01,5.628719323355220183e-01,8.719565217391304657e+01
1.550327311391413998e-01,9.824347826086956559e+01,5.914149551287940509e-01,8.747391304347826235e+01
1.575370316920073344e-01,9.816086956521739637e+01,6.059287837018135781e-01,8.721739130434782794e+01
1.487148895211843069e-01,9.831304347826086598e+01,5.694538718980295400e-01,8.902608695652173765e+01
1.452072108569353315e-01,9.833478260869564735e+01,5.896974075099692403e-01,8.768260869565217774e+01
1.539630213509435852e-01,9.812608695652174617e+01,6.387095840080923015e-01,8.554782608695651902e+01
1.469355351251105390e-01,9.823043478260869676e+01,6.096394923718082559e-01,8.721739130434782794e+01
1.401777101599651354e-01,9.835217391304348666e+01,5.310733852179154724e-01,8.878260869565217206e+01
1.324816733598708773e-01,9.854347826086956275e+01,6.355816861857547240e-01,8.628260869565217206e+01
1.341185549031131685e-01,9.838260869565218059e+01,5.092896403177923359e-01,8.971739130434782794e+01
1.344040672416272619e-01,9.856956521739131460e+01,7.036541388086651194e-01,8.511304347826087735e+01
1.312368755755216332e-01,9.856956521739131460e+01,5.246637642383575884e-01,8.918695652173913402e+01
1.225795602021010622e-01,9.866956521739130892e+01,5.628615687722746674e-01,8.769130434782607608e+01
1.317791025275768524e-01,9.851739130434782510e+01,5.657094779221901737e-01,8.812173913043478990e+01
1.270738196113835317e-01,9.852608695652173765e+01,5.876939991246098449e-01,8.770869565217391539e+01
1.132726524187171319e-01,9.874782608695652186e+01,5.282955500094788093e-01,8.973913043478260931e+01
1.179095475570015178e-01,9.871739130434782794e+01,4.981005787849424049e-01,9.095652173913043725e+01
1.265894790058549879e-01,9.853913043478260647e+01,5.626866023177691245e-01,8.797826086956521863e+01
1.159765516934187779e-01,9.869565217391304657e+01,6.009639482135368249e-01,8.707826086956521294e+01
1.151479458031447051e-01,9.873913043478260931e+01,5.578126031419504693e-01,8.812173913043478990e+01
1.188941492982532322e-01,9.871304347826085746e+01,4.909989281840948516e-01,9.040869565217390402e+01
1.121184713166692853e-01,9.885652173913042873e+01,5.620381539282586214e-01,8.853478260869565020e+01
1.095720810734707590e-01,9.884347826086955990e+01,5.706886873297071228e-01,8.776086956521739069e+01
1.054166932468829226e-01,9.886086956521738500e+01,5.602302939995473796e-01,8.797826086956521863e+01
9.515891528647876796e-02,9.905217391304347530e+01,4.457944258399629822e-01,9.022173913043478422e+01
1.118576391883518983e-01,9.887391304347825383e+01,5.677077713220016753e-01,8.801304347826086882e+01
1.015268653631209994e-01,9.900000000000000000e+01,4.616529232781865777e-01,9.058695652173912549e+01
9.672073657098015365e-02,9.903913043478260647e+01,5.730027921821759795e-01,8.761304347826086314e+01
1.047333057807839779e-01,9.893043478260869961e+01,5.188994675874707418e-01,9.052608695652173765e+01
9.168146952338832034e-02,9.901304347826086882e+01,5.678508790938753270e-01,8.844782608695651049e+01
9.790975671747459419e-02,9.902608695652173765e+01,4.933732177900230775e-01,9.020434782608695912e+01
9.317077294639913854e-02,9.917826086956522147e+01,5.722074797619947084e-01,8.875652173913043441e+01
8.861936136432324584e-02,9.912608695652174617e+01,5.217423339252889036e-01,8.909130434782608177e+01
9.255050420761110064e-02,9.900434782608695627e+01,6.214230000972762458e-01,8.663478260869564451e+01
8.739819708077807558e-02,9.908260869565216922e+01,5.823347142209180927e-01,8.686521739130435549e+01
8.969962558020709575e-02,9.908695652173913970e+01,6.423400041849711695e-01,8.696086956521739353e+01
8.915718677251233126e-02,9.911304347826086314e+01,5.325230055529134310e-01,8.981304347826086598e+01
8.897992903771603790e-02,9.905217391304347530e+01,5.631046157816183007e-01,8.932173913043477853e+01
8.699909642986632108e-02,9.920434782608695912e+01,5.101798092541482976e-01,9.004347826086956275e+01
8.666443461957186456e-02,9.912173913043477569e+01,4.718075543642043512e-01,9.012608695652173196e+01
8.117509160352795461e-02,9.932173913043477853e+01,5.261180899713352455e-01,8.913043478260868824e+01
7.968136201734130064e-02,9.930434782608695343e+01,5.387132255927379321e-01,8.865217391304346961e+01
7.587069661720936831e-02,9.943913043478261216e+01,4.823451872753061198e-01,8.991304347826087451e+01
8.085213199905728898e-02,9.928695652173912833e+01,4.467704332393151456e-01,9.202173913043478137e+01
7.292010719361505244e-02,9.939565217391303520e+01,4.745562590982603801e-01,9.023913043478260931e+01
7.762347498665690682e-02,9.928695652173912833e+01,4.842775079219237000e-01,8.993478260869565588e+01
8.086967546006920693e-02,9.920000000000000284e+01,5.335841395284820488e-01,8.911304347826086314e+01
8.209298900935972643e-02,9.915217391304346961e+01,4.420352339744568759e-01,9.137391304347826804e+01
7.115875689879708199e-02,9.943913043478261216e+01,4.979373142771089666e-01,9.012608695652173196e+01
6.790581682453981915e-02,9.934782608695653039e+01,5.356381728597318093e-01,8.975217391304347814e+01
7.633785255577250906e-02,9.928695652173912833e+01,5.494114966496179697e-01,8.864347826086957127e+01
7.151557660621145340e-02,9.936956521739131176e+01,5.813977661340135050e-01,8.857826086956521294e+01
7.123074648172963985e-02,9.933478260869564735e+01,5.129003364106886620e-01,9.027391304347825951e+01
7.628182483756031085e-02,9.923913043478260931e+01,4.986602018708767292e-01,9.031304347826086598e+01
6.890438328618590791e-02,9.938695652173913686e+01,4.526076162638873468e-01,9.046956521739130608e+01
6.272193750609522667e-02,9.949130434782608745e+01,4.829022888256160329e-01,8.997826086956521863e+01
7.159381340379304681e-02,9.931739130434782226e+01,5.363350260516875911e-01,8.880869565217390971e+01
7.347355303557023820e-02,9.935217391304347245e+01,6.013450733993366271e-01,8.724782608695652186e+01
6.958777489869492905e-02,9.933478260869564735e+01,5.057069313267001931e-01,9.015217391304346961e+01
6.421842095644582360e-02,9.943478260869565588e+01,4.559325202651645093e-01,9.103913043478260647e+01
6.124194264411925853e-02,9.946956521739130608e+01,5.436414074638623584e-01,8.857826086956521294e+01
6.579183378945220595e-02,9.940434782608696196e+01,4.750274849974590596e-01,9.046956521739130608e+01
6.200555951698965423e-02,9.948260869565217490e+01,5.219475843336272014e-01,8.920869565217390118e+01
5.909855236177859183e-02,9.956086956521738784e+01,4.521828485571817158e-01,9.112608695652173196e+01
6.322967850643654297e-02,9.943043478260869961e+01,5.173900784357733373e-01,8.996521739130433559e+01
6.797100966391349253e-02,9.943478260869565588e+01,4.249144699262536462e-01,9.151304347826086882e+01
5.942361341870345398e-02,9.948260869565217490e+01,5.030915487071742076e-01,9.012173913043478990e+01
5.909471783948987145e-02,9.953043478260869392e+01,5.481961127208624385e-01,8.850869565217391255e+01
6.048771635345791264e-02,9.951304347826086882e+01,5.417346489170326018e-01,8.892173913043478706e+01
6.348217285197710336e-02,9.936521739130435549e+01,4.165951951690343713e-01,9.163478260869565872e+01
5.821118678735649754e-02,9.954782608695651902e+01,4.664227625598079685e-01,9.076521739130434696e+01
5.092123889404793352e-02,9.965652173913042589e+01,5.212847317042559325e-01,8.951304347826086882e+01
5.676209382388900521e-02,9.956521739130434412e+01,4.692142748314402367e-01,9.044782608695652470e+01
6.195017539936562706e-02,9.947391304347826235e+01,4.199513992537619589e-01,9.170434782608695912e+01
5.759896726711932063e-02,9.954347826086956275e+01,4.167272229557454355e-01,9.161739130434783362e+01
5.587664415007054936e-02,9.953478260869565020e+01,5.283679642107180774e-01,8.942173913043478706e+01
5.541053543920099883e-02,9.953913043478260647e+01,5.021867426841154503e-01,8.984782608695651618e+01
5.495167219120523222e-02,9.943478260869565588e+01,4.639817170474843655e-01,9.109565217391303804e+01
5.251618481200673316e-02,9.953043478260869392e+01,4.641303576852965351e-01,9.029999999999999716e+01
5.756539987481160137e-02,9.947391304347826235e+01,4.196180342332174740e-01,9.156956521739130039e+01
5.919059916682865852e-02,9.951739130434782510e+01,5.472539770862330233e-01,8.767391304347825098e+01
5.369672723438426859e-02,9.958260869565216922e+01,5.118068378904588878e-01,8.866521739130435265e+01
5.515408191991886394e-02,9.955652173913043157e+01,4.425926125567892777e-01,9.039565217391304941e+01
5.344911917396214657e-02,9.956521739130434412e+01,4.512854789910110132e-01,9.039130434782607892e+01
5.088590513104974955e-02,9.955217391304347530e+01,4.101043163434316408e-01,9.197391304347826235e+01
4.756973942984709519e-02,9.966521739130435265e+01,4.793689008640211191e-01,9.043478260869565588e+01
4.966687339803445983e-02,9.959565217391303804e+01,4.392633160819178761e-01,9.140869565217390402e+01
5.187405451484347618e-02,9.960869565217392108e+01,5.118857283955032811e-01,8.954347826086956275e+01
4.975024578363997779e-02,9.959999999999999432e+01,4.786462312159329713e-01,9.006521739130435833e+01
5.097479496313175873e-02,9.959999999999999432e+01,5.489979309880208547e-01,8.871304347826087167e+01
5.030052091764367767e-02,9.951304347826086882e+01,4.521349124286488386e-01,9.106521739130435833e+01
4.560714467712072284e-02,9.967826086956522147e+01,5.500281584003701152e-01,8.908695652173912549e+01
4.842405008233117980e-02,9.959130434782608177e+01,4.352831130442409435e-01,9.150434782608695627e+01
5.251147837742518865e-02,9.951739130434782510e+01,4.516644023034884214e-01,9.098695652173913118e+01
4.475849348565807961e-02,9.966086956521739637e+01,4.847988727300062139e-01,9.066521739130435265e+01
4.481842116169310053e-02,9.966521739130435265e+01,5.315360366002366277e-01,8.905652173913043157e+01
4.805698550265767588e-02,9.957826086956521294e+01,4.808722331472061184e-01,8.950869565217391255e+01
4.291049436382624732e-02,9.968695652173913402e+01,4.412129828463433046e-01,9.157391304347825667e+01
4.946010669936306420e-02,9.959999999999999432e+01,4.759226353272145715e-01,8.971304347826087167e+01
4.398806976235435789e-02,9.963043478260870245e+01,4.832891330770826555e-01,8.974782608695652186e+01
4.248549406943116086e-02,9.967826086956522147e+01,4.603744602721672186e-01,9.057391304347825667e+01
4.382251915724386104e-02,9.964347826086957127e+01,4.791849271110864561e-01,8.958695652173913970e+01
4.670653239540430157e-02,9.959565217391303804e+01,5.186869562967961755e-01,8.921304347826087167e+01
4.142226252866831882e-02,9.973913043478260931e+01,4.253580802160757401e-01,9.163478260869565872e+01
4.544503598109535247e-02,9.962173913043478990e+01,4.227042781270070049e-01,9.233478260869564735e+01
4.158163277999213370e-02,9.967826086956522147e+01,5.420277088880541827e-01,8.968695652173911981e+01
4.831321978050726051e-02,9.961739130434781941e+01,4.292113515345947761e-01,9.196086956521739353e+01
3.957068466621896374e-02,9.971739130434782794e+01,4.700442505919416591e-01,9.124782608695652186e+01
4.274466698584348384e-02,9.964782608695652755e+01,4.206727385520938056e-01,9.186521739130434128e+01
4.102907984153083415e-02,9.968260869565217774e+01,4.228670876959096936e-01,9.130434782608696764e+01
3.725560359332871080e-02,9.976521739130434696e+01,4.242165767628209294e-01,9.136956521739129755e+01
4.214375019073488687e-02,9.964782608695652755e+01,4.115785610416659024e-01,9.161304347826086314e+01
4.326245331245921061e-02,9.963043478260870245e+01,4.660926763130267547e-01,9.093478260869565588e+01
4.337987381479017912e-02,9.966521739130435265e+01,4.618112391751740264e-01,9.004347826086956275e+01
3.946774899959566707e-02,9.971739130434782794e+01,4.999837773001709618e-01,8.990869565217390402e+01
3.896076860635177413e-02,9.968260869565217774e+01,4.309613071058107092e-01,9.175217391304347814e+01
3.692642515120300034e-02,9.976956521739130324e+01,4.463634728089622694e-01,9.039130434782607892e+01
3.420712481374330732e-02,9.975652173913043441e+01,3.644591674856517138e-01,9.288695652173912265e+01
3.869187235832214494e-02,9.976086956521739069e+01,4.995868379655090674e-01,8.986521739130435549e+01
4.285189418689064333e-02,9.964347826086957127e+01,4.476414470568948478e-01,9.066956521739129471e+01
3.640776639399322112e-02,9.971739130434782794e+01,4.686908786711487807e-01,9.136956521739129755e+01
3.364021233890370638e-02,9.977826086956521578e+01,4.569945781127268680e-01,9.107391304347825667e+01
3.920070049555404723e-02,9.971304347826087167e+01,4.402646660804749867e-01,9.096086956521739353e+01
3.802215962306312175e-02,9.970434782608695912e+01,5.014011130384778969e-01,8.974782608695652186e+01
3.779048984465391975e-02,9.971739130434782794e+01,4.141161518252411966e-01,9.246086956521739353e+01
4.021923308787134915e-02,9.966086956521739637e+01,4.180626541376113448e-01,9.253913043478260647e+01
3.261346026607182119e-02,9.974782608695652186e+01,4.689049315193427048e-01,9.014347826086957127e+01
3.653312856736393860e-02,9.971304347826087167e+01,3.816911363083384523e-01,9.310434782608695059e+01
4.186410696610161353e-02,9.969130434782607608e+01,4.190343464198320600e-01,9.188260869565216638e+01
3.559942051120426609e-02,9.974782608695652186e+01,4.031929316728012913e-01,9.186956521739129755e+01
3.476746937502988438e-02,9.973478260869565304e+01,4.510110761808313051e-01,9.113043478260868824e+01
3.114957291146979237e-02,9.976521739130434696e+01,4.482815483342046381e-01,9.105652173913043157e+01
3.403396658275431585e-02,9.975217391304347814e+01,5.133662514064623039e-01,8.883478260869564735e+01
3.452713904173478066e-02,9.972173913043478422e+01,4.550005207891048009e-01,9.109565217391303804e+01
3.129337119019547780e-02,9.981304347826086598e+01,4.189989500719565885e-01,9.178260869565218627e+01
3.659879992837491991e-02,9.968695652173913402e+01,5.200793566911119381e-01,8.899130434782608745e+01
3.819558866645982043e-02,9.964782608695652755e+01,5.086022778697637525e-01,8.976521739130434696e+01
3.416920407958653344e-02,9.972608695652174049e+01,3.892720795196036310e-01,9.249565217391304373e+01
3.564008888990979895e-02,9.971739130434782794e+01,5.179566163083781927e-01,8.941739130434783078e+01
2.962914873724398906e-02,9.980869565217392392e+01,4.326450241648634454e-01,9.173913043478260931e+01
3.602605254753774022e-02,9.965652173913042589e+01,3.714918118456137508e-01,9.292608695652174333e+01
3.600316980610719642e-02,9.968695652173913402e+01,3.823707550764082752e-01,9.241739130434783078e+01
2.908392704051473293e-02,9.979999999999999716e+01,4.937655385421672594e-01,8.952608695652173765e+01
3.043928638748502613e-02,9.977391304347825951e+01,4.523219689078952777e-01,9.075652173913043441e+01
3.036060540572457084e-02,9.979565217391304088e+01,4.309198404135909932e-01,9.117391304347826519e+01
3.872538805007934293e-02,9.964782608695652755e+01,4.704548890176025733e-01,9.043043478260869961e+01
3.222428845322650171e-02,9.971739130434782794e+01,4.968362714933313717e-01,8.979565217391304088e+01
2.929160167341647580e-02,9.983043478260869108e+01,3.435848228309463792e-01,9.353913043478260647e+01
3.350704739923063974e-02,9.972608695652174049e+01,4.859610799861990849e-01,9.033043478260869108e+01
2.452894397403880891e-02,9.985652173913042873e+01,5.456402010243867062e-01,8.930869565217390971e+01
3.152613588001418332e-02,9.978260869565217206e+01,4.247047683467037871e-01,9.193913043478261216e+01
3.003809996273208022e-02,9.978695652173912833e+01,4.341890583867614728e-01,9.081304347826086598e+01
3.096491176149118382e-02,9.977391304347825951e+01,3.961956856043440389e-01,9.256956521739130039e+01
3.151152509710062471e-02,9.976521739130434696e+01,4.338938253081363605e-01,9.117391304347826519e+01
2.977011540661686495e-02,9.979130434782608461e+01,4.945189091174500562e-01,8.999565217391304373e+01
2.720284034376559829e-02,9.985217391304347245e+01,5.123522108015806653e-01,8.980434782608696764e+01
2.901263729385706452e-02,9.979130434782608461e+01,4.172337826179419729e-01,9.131739130434782226e+01
2.851575314998630248e-02,9.979130434782608461e+01,4.178586205710534962e-01,9.153913043478260647e+01
2.908743101617565149e-02,9.982173913043477853e+01,4.900514140077256164e-01,9.011739130434783362e+01
2.754748385885485637e-02,9.979130434782608461e+01,3.947161924579872805e-01,9.186956521739129755e+01
2.823566302009251558e-02,9.980869565217392392e+01,4.618267819933270513e-01,8.973478260869565304e+01
2.698530075342759488e-02,9.979999999999999716e+01,3.860314835672792322e-01,9.224782608695652186e+01
2.857000192870265409e-02,9.978695652173912833e+01,4.126640680043593967e-01,9.126521739130436117e+01
2.488109002942624770e-02,9.986956521739131176e+01,4.407567015160685497e-01,9.090434782608696196e+01
3.133464572222333100e-02,9.970000000000000284e+01,5.196370385263275882e-01,8.924347826086956559e+01
2.449901440869206581e-02,9.985217391304347245e+01,4.235910567252532677e-01,9.172608695652174049e+01
3.017533991647804864e-02,9.975652173913043441e+01,4.487435112828793704e-01,9.101739130434782510e+01
2.638012715007949024e-02,9.979130434782608461e+01,4.352770950483239032e-01,9.094347826086956843e+01
2.781019651371499993e-02,9.981739130434782226e+01,3.907314583011294862e-01,9.211304347826086314e+01
2.767126054867455331e-02,9.976956521739130324e+01,4.241933002420092969e-01,9.125217391304347814e+01
2.663444500902422893e-02,9.981304347826086598e+01,4.586972116128253396e-01,9.020000000000000284e+01
2.643120159273561545e-02,9.983478260869564735e+01,3.927714654932852878e-01,9.281304347826086598e+01
2.415727389895396329e-02,9.981304347826086598e+01,4.775455741778664720e-01,9.064782608695651334e+01
2.266125264375106613e-02,9.986086956521738500e+01,5.792294661635940534e-01,8.751739130434782510e+01
2.680859824885492571e-02,9.977826086956521578e+01,3.822690638511077044e-01,9.240869565217391823e+01
2.449827401534371285e-02,9.981739130434782226e+01,4.134832488453910604e-01,9.161739130434783362e+01
2.323518382466358695e-02,9.985217391304347245e+01,4.228654720213099738e-01,9.116521739130433843e+01
2.927581136641294393e-02,9.974782608695652186e+01,5.399551573007004279e-01,8.835217391304347245e+01
2.364665995473447940e-02,9.984347826086957411e+01,4.523677794829660814e-01,8.991739130434783078e+01
2.331049247928287244e-02,9.983478260869564735e+01,3.845706378636151723e-01,9.250000000000000000e+01
2.604033078836358664e-02,9.982173913043477853e+01,5.064226467972218204e-01,8.936956521739129755e+01
2.441213105035864792e-02,9.982173913043477853e+01,5.683904524730596375e-01,8.791739130434783078e+01
2.607599846694778900e-02,9.976521739130434696e+01,4.326746436564817833e-01,9.146956521739130608e+01
2.507178252157955811e-02,9.981304347826086598e+01,4.306800952424171269e-01,9.179130434782608461e+01
2.419670509255449076e-02,9.981739130434782226e+01,4.197574251371878340e-01,9.107391304347825667e+01
2.169520854949950547e-02,9.986086956521738500e+01,3.978427629108015617e-01,9.235652173913044294e+01
2.541900937971861701e-02,9.981739130434782226e+01,4.045641167008360295e-01,9.228695652173912833e+01
2.222868307777074032e-02,9.986086956521738500e+01,4.245570414740106324e-01,9.222608695652174049e+01
2.351154218549314154e-02,9.983478260869564735e+01,4.214512057926342870e-01,9.172173913043478422e+01
2.231968731983847987e-02,9.985217391304347245e+01,4.157587647438050205e-01,9.252608695652173765e+01
2.690376004447108879e-02,9.979999999999999716e+01,4.743298441171646673e-01,9.022173913043478422e+01
2.102371557899141916e-02,9.986521739130435549e+01,4.083510886067927004e-01,9.143043478260869961e+01
2.301835663940596938e-02,9.983913043478260363e+01,4.415162944275400903e-01,9.098695652173913118e+01
1.953709397626959832e-02,9.987391304347825383e+01,4.816157258075219882e-01,9.052608695652173765e+01
2.276924524618232151e-02,9.984782608695653039e+01,3.566199487966041359e-01,9.308260869565216922e+01
2.303047633689383686e-02,9.981739130434782226e+01,4.888337460548982660e-01,9.025652173913043441e+01
2.309560503648673546e-02,9.981739130434782226e+01,4.465202551821006449e-01,9.088695652173912265e+01
2.232513868290445652e-02,9.983913043478260363e+01,4.545847193054532998e-01,9.085652173913044294e+01
2.097243407498235873e-02,9.988260869565218059e+01,4.007464795008950365e-01,9.224782608695652186e+01
2.080871190713798335e-02,9.990000000000000568e+01,4.350971836110819058e-01,9.128260869565217206e+01
2.527633529642353896e-02,9.976956521739130324e+01,4.089722589306213907e-01,9.196521739130434980e+01
2.388654765875442010e-02,9.977826086956521578e+01,4.199401898228602992e-01,9.159565217391303804e+01
2.334454305793928763e-02,9.984347826086957411e+01,4.349169144163956835e-01,9.139130434782607892e+01
2.280319410821663936e-02,9.982173913043477853e+01,5.457279487796453665e-01,8.906521739130435833e+01
2.157253661881320880e-02,9.981304347826086598e+01,3.751313266546829617e-01,9.271739130434782794e+01
2.084791414115739344e-02,9.987391304347825383e+01,4.192124971876972084e-01,9.163913043478261500e+01
2.277298155038253585e-02,9.981739130434782226e+01,4.427210283020271975e-01,9.114347826086957127e+01
2.193923009478527045e-02,9.984347826086957411e+01,4.011163026094435313e-01,9.213478260869565872e+01
2.430425610231315772e-02,9.979999999999999716e+01,4.648502807254375480e-01,9.061739130434783362e+01
2.174115478992460007e-02,9.985652173913042873e+01,5.224118885786636080e-01,8.992173913043478706e+01
2.489251740600753257e-02,9.980434782608695343e+01,4.544933648213097532e-01,9.030869565217390971e+01
1.910616133524024179e-02,9.990000000000000568e+01,3.680514887623163589e-01,9.286521739130434128e+01
1.901507209176600890e-02,9.989130434782607892e+01,4.051402145105859054e-01,9.209565217391303804e+01
2.253195436104486402e-02,9.982173913043477853e+01,4.262027590171151847e-01,9.196086956521739353e+01
2.192040021004885639e-02,9.983043478260869108e+01,4.899729192256928045e-01,8.932173913043477853e+01
1.866345250088234306e-02,9.989130434782607892e+01,3.825222122928369495e-01,9.224347826086956559e+01
1.953441474748694381e-02,9.988695652173913686e+01,4.199561029672618795e-01,9.175652173913043441e+01
2.093565049378768791e-02,9.985217391304347245e+01,5.007052964490392721e-01,8.988260869565218059e+01
2.009783115075983173e-02,9.988260869565218059e+01,4.127847043068513244e-01,9.160434782608695059e+01
2.017401314300037996e-02,9.982608695652174902e+01,3.728245292020878621e-01,9.313478260869565872e+01
1.798776491828585344e-02,9.984782608695653039e+01,3.940914941870642951e-01,9.260434782608695059e+01
1.887830677239790353e-02,9.987391304347825383e+01,4.126817279535787142e-01,9.235652173913044294e+01
1.872264276380124562e-02,9.989565217391303520e+01,4.527621080046115853e-01,9.062608695652174617e+01
2.198843800503275797e-02,9.979130434782608461e+01,4.801873212275296066e-01,9.036956521739129755e+01
1.865340095499289086e-02,9.984782608695653039e+01,3.495357964349829483e-01,9.344782608695652470e+01
1.634424432464269203e-02,9.990869565217391823e+01,4.920557756786760328e-01,9.025652173913043441e+01
1.696405903152797476e-02,9.987391304347825383e+01,5.526884283708485279e-01,8.840869565217390402e+01
1.771125210368115765e-02,9.987391304347825383e+01,3.987136691808700339e-01,9.166086956521739637e+01
1.966929876286051607e-02,9.985217391304347245e+01,3.259709467058591881e-01,9.387826086956522431e+01
2.010213965954989190e-02,9.988260869565218059e+01,3.995781070512272604e-01,9.233478260869564735e+01
1.858186423778535393e-02,9.988695652173913686e+01,4.792185586431756961e-01,9.028260869565217206e+01
1.927055807217307667e-02,9.985652173913042873e+01,4.356250648913178591e-01,9.109130434782608177e+01
1.988103169461953243e-02,9.989565217391303520e+01,3.782809948143753265e-01,9.201739130434782510e+01
1.554198433523592236e-02,9.991304347826086030e+01,3.902816878712691562e-01,9.293043478260869961e+01
1.967590606730917555e-02,9.987826086956521010e+01,3.747607082128524558e-01,9.258695652173912549e+01
1.843082308769224478e-02,9.986521739130435549e+01,3.327132019011869168e-01,9.314782608695651334e+01
1.825911752555681167e-02,9.985217391304347245e+01,4.191056443297344059e-01,9.143043478260869961e+01
1.545312987721484711e-02,9.992173913043478706e+01,4.538622516652814354e-01,9.072173913043478422e+01
1.913617888222568855e-02,9.985217391304347245e+01,4.053633437208509216e-01,9.248260869565217490e+01
1.666347293750099559e-02,9.988695652173913686e+01,3.885073606086811293e-01,9.272173913043477000e+01
1.655366459618444822e-02,9.992173913043478706e+01,4.047527740830962339e-01,9.210434782608695059e+01
1.924376656179842271e-02,9.984347826086957411e+01,3.793959476377654072e-01,9.253478260869565020e+01
1.717895502629486482e-02,9.988695652173913686e+01,5.928907374972883781e-01,8.785217391304347245e+01
1.721645360407622616e-02,9.991304347826086030e+01,4.415835533453071893e-01,9.128695652173912833e+01
1.564269635988318682e-02,9.988695652173913686e+01,5.071847517853198539e-01,8.950869565217391255e+01
1.735098582247028912e-02,9.988260869565218059e+01,4.089419778274456796e-01,9.253913043478260647e+01
2.442133621029233745e-02,9.976956521739130324e+01,5.223342448472974020e-01,8.871739130434782794e+01
1.745720376139103802e-02,9.984782608695653039e+01,4.585655585579249682e-01,9.046956521739130608e+01
1.645147178484043793e-02,9.990869565217391823e+01,4.571183480646298092e-01,9.110434782608696480e+01
1.749796452729596857e-02,9.984347826086957411e+01,4.389701467493304921e-01,9.141304347826087451e+01
1.625593537869658017e-02,9.984347826086957411e+01,4.306161482696947429e-01,9.107826086956521294e+01
1.586570182572239959e-02,9.989565217391303520e+01,3.871185467295024663e-01,9.238695652173912265e+01
1.805706529513651307e-02,9.988695652173913686e+01,3.722846485998321797e-01,9.262173913043478990e+01
1.667226229024969253e-02,9.988695652173913686e+01,4.692358828109245428e-01,9.026086956521739069e+01
1.895917705867601263e-02,9.986956521739131176e+01,3.871629126693894030e-01,9.271304347826087167e+01
1.661299778067548347e-02,9.988260869565218059e+01,4.041825490153351796e-01,9.202608695652173765e+01
1.324538303458172757e-02,9.991739130434783078e+01,4.195749580860139716e-01,9.189565217391304941e+01
1.400808316210041225e-02,9.991304347826086030e+01,4.149037642323452069e-01,9.150434782608695627e+01
1.799880693788114688e-02,9.986956521739131176e+01,3.772044742884842483e-01,9.284782608695651618e+01
1.433952839478202373e-02,9.989130434782607892e+01,3.816459677789520444e-01,9.197826086956521863e+01
1.600170770417089564e-02,9.988695652173913686e+01,4.551382357659545241e-01,9.069130434782609029e+01
1.690375817858653928e-02,9.991304347826086030e+01,4.073565217463865351e-01,9.174347826086956559e+01
1.751705161903216110e-02,9.986956521739131176e+01,4.497747848863187237e-01,9.071304347826087167e+01
1.482446362142977175e-02,9.988695652173913686e+01,4.312088905469230737e-01,9.088695652173912265e+01
1.497377584809842128e-02,9.990000000000000568e+01,4.947068871363350384e-01,9.043043478260869961e+01
1.462155010389244725e-02,9.989565217391303520e+01,3.587268662193546231e-01,9.316956521739130892e+01
1.646827264972354141e-02,9.990434782608696196e+01,3.499663145645807161e-01,9.295217391304348098e+01
1.800506114959718462e-02,9.985652173913042873e+01,3.923571656579554756e-01,9.208695652173912549e+01
1.571977073731628538e-02,9.986086956521738500e+01,5.140976796979486174e-01,8.998695652173913118e+01
1.267396548519963452e-02,9.992173913043478706e+01,4.169359642526377363e-01,9.206956521739130039e+01
1.422564581684444308e-02,9.986956521739131176e+01,4.110355692065281175e-01,9.199130434782608745e+01
1.198802979096121046e-02,9.993043478260868540e+01,4.200073864149010960e-01,9.186956521739129755e+01
1.394940290762030320e-02,9.992608695652174333e+01,3.969902621663135567e-01,9.233043478260869108e+01
1.377785257671190755e-02,9.990869565217391823e+01,5.723127087821129333e-01,8.836521739130435549e+01
1.422563130440917915e-02,9.989565217391303520e+01,4.490859241589253426e-01,9.124782608695652186e+01
1.633702140787372456e-02,9.989565217391303520e+01,4.909496043039399127e-01,8.941739130434783078e+01
1.625731691070227136e-02,9.989130434782607892e+01,4.612518037142959160e-01,9.037826086956522431e+01
1.493476331233977404e-02,9.988260869565218059e+01,5.016727685928348279e-01,8.902608695652173765e+01
1.190730372200841589e-02,9.993043478260868540e+01,3.645948057589324387e-01,9.275652173913043441e+01
1.635421475638513394e-02,9.983478260869564735e+01,3.389590103989063574e-01,9.316086956521738216e+01
1.586145369902901281e-02,9.988260869565218059e+01,3.700137050255485893e-01,9.234347826086957411e+01
1.255117369734722738e-02,9.993043478260868540e+01,4.464909277532412291e-01,9.105217391304347530e+01
1.615007765915081259e-02,9.989565217391303520e+01,3.559654686761941633e-01,9.342173913043478706e+01
1.687027021594669773e-02,9.983478260869564735e+01,4.025102624426719067e-01,9.186956521739129755e+01
1.249899566173553328e-02,9.989565217391303520e+01,3.583447777706639248e-01,9.222608695652174049e+01
1.579810225445292537e-02,9.985652173913042873e+01,4.268159044825515225e-01,9.176086956521739069e+01
1.558009126911992850e-02,9.984782608695653039e+01,3.956155167973560149e-01,9.180434782608695343e+01
1.304308538851530440e-02,9.989565217391303520e+01,4.475372530843900187e-01,9.114347826086957127e+01
1.257498588251031515e-02,9.993043478260868540e+01,4.688836225996848017e-01,9.037391304347825383e+01
1.439432359260061321e-02,9.989130434782607892e+01,4.466753612393921102e-01,9.121739130434782794e+01
1.549224387044492203e-02,9.983913043478260363e+01,4.171263714199478501e-01,9.134347826086957411e+01
1.123910338982291035e-02,9.991304347826086030e+01,3.417734442845632992e-01,9.396086956521739353e+01
1.765738790449889600e-02,9.980869565217392392e+01,4.437061629865480250e-01,9.113913043478261500e+01
1.401753438555677217e-02,9.988695652173913686e+01,4.389066345017891280e-01,9.101304347826086882e+01
1.191078554029050690e-02,9.992608695652174333e+01,3.347046966138094160e-01,9.317391304347826519e+01
1.210821672626162526e-02,9.992608695652174333e+01,4.594855369433111791e-01,9.070434782608695912e+01
1.624931835609933276e-02,9.987391304347825383e+01,4.153573137262593362e-01,9.162608695652173196e+01
1.555360711139181125e-02,9.985217391304347245e+01,4.488355303588119072e-01,9.045652173913043725e+01
1.211824818797733669e-02,9.990000000000000568e+01,3.909062005903409243e-01,9.300869565217391255e+01
9.214110478110942512e-03,9.995652173913043725e+01,3.643046517734940815e-01,9.273913043478260931e+01
1.091354385666226147e-02,9.993043478260868540e+01,4.126444893038791473e-01,9.197826086956521863e+01
1.325564760228861889e-02,9.992608695652174333e+01,3.481377277685246407e-01,9.355217391304347530e+01
1.406284907589788052e-02,9.987826086956521010e+01,3.841770507719206584e-01,9.237391304347826804e+01
1.176018818565036962e-02,9.991304347826086030e+01,3.602459552495375639e-01,9.260434782608695059e+01
1.207897196645320824e-02,9.989130434782607892e+01,3.909797864115756583e-01,9.219130434782609029e+01
1.137534315171449817e-02,9.992173913043478706e+01,3.359251799790754500e-01,9.354782608695651902e+01
1.178888536017873474e-02,9.990869565217391823e+01,4.353909473056380430e-01,9.150434782608695627e+01
1.127700598343557743e-02,9.992173913043478706e+01,3.722469477549842920e-01,9.276086956521739069e+01
1.157016948513361551e-02,9.989130434782607892e+01,4.829328583634416860e-01,9.003913043478260647e+01
1.308704653511875635e-02,9.989130434782607892e+01,3.637991936310476793e-01,9.273478260869565304e+01
1.016513886659041986e-02,9.993478260869565588e+01,3.581510054028551604e-01,9.271739130434782794e+01
1.181758577408998333e-02,9.990434782608696196e+01,3.656929601793703077e-01,9.244347826086955422e+01
1.321847749793010791e-02,9.990000000000000568e+01,4.033419176288275398e-01,9.176086956521739069e+01
1.193810532922329887e-02,9.992173913043478706e+01,4.802907678096195454e-01,9.003043478260869392e+01
1.460840196713157277e-02,9.988260869565218059e+01,4.741302400827407393e-01,9.025652173913043441e+01
1.105331441630487931e-02,9.993043478260868540e+01,3.969955826583114744e-01,9.196086956521739353e+01
1.130440740481666005e-02,9.990869565217391823e+01,4.712562344644377066e-01,9.022608695652174049e+01
1.401314696540003138e-02,9.987826086956521010e+01,4.523441291373709316e-01,9.075652173913043441e+01
1.398322698862656741e-02,9.989130434782607892e+01,4.316118415283122234e-01,9.117826086956522147e+01
1.353548182093578835e-02,9.990434782608696196e+01,5.025577183650886681e-01,8.883043478260869108e+01
9.771154626556061151e-03,9.993478260869565588e+01,4.813695235096890901e-01,9.015217391304346961e+01
1.105092180811841247e-02,9.992173913043478706e+01,4.645063427479373397e-01,9.008695652173912549e+01
1.203640129255211313e-02,9.990000000000000568e+01,4.086519148038781912e-01,9.193913043478261216e+01
1.478226767933885251e-02,9.986086956521738500e+01,5.634561828944990580e-01,8.690000000000000568e+01
1.136534810066223977e-02,9.989565217391303520e+01,3.814495908177419348e-01,9.264347826086955706e+01
9.752448745395830496e-03,9.993478260869565588e+01,4.321879498336625436e-01,9.125652173913043441e+01
8.674247757248256668e-03,9.994782608695652470e+01,3.795702298050338541e-01,9.252173913043478137e+01
1.181875247022380788e-02,9.991304347826086030e+01,4.643741760564888965e-01,9.056956521739130039e+01
1.282840863518094031e-02,9.990000000000000568e+01,4.310965508222579512e-01,9.199565217391304373e+01
1.181507978750311744e-02,9.988260869565218059e+01,4.069736636203268865e-01,9.203478260869565020e+01
1.141328941220823463e-02,9.992173913043478706e+01,3.944615848686383597e-01,9.227826086956521578e+01
1.113085267336472867e-02,9.991304347826086030e+01,3.813368934652076048e-01,9.238260869565218059e+01
1.094714817793473322e-02,9.992173913043478706e+01,3.904700478781820694e-01,9.222173913043478422e+01
1.249295784079509399e-02,9.989130434782607892e+01,4.066827511009964424e-01,9.213478260869565872e+01
1.037972530593042619e-02,9.992173913043478706e+01,3.588120897179068458e-01,9.303043478260869392e+01
1.077493727207184081e-02,9.989130434782607892e+01,4.049231441124624409e-01,9.211739130434783362e+01
1.201783988786779729e-02,9.991739130434783078e+01,5.387533117895536572e-01,8.854782608695653323e+01
1.025690682556317651e-02,9.992608695652174333e+01,3.374924651954484545e-01,9.324347826086956559e+01
1.140417897182963332e-02,9.990434782608696196e+01,3.913382990204769540e-01,9.217826086956522147e+01
1.068349519501562116e-02,9.990000000000000568e+01,4.232052599606304644e-01,9.118260869565217774e+01
1.134286639483078618e-02,9.990434782608696196e+01,3.484615342772524049e-01,9.268695652173913402e+01
1.097045864747918896e-02,9.992173913043478706e+01,3.799460001613783056e-01,9.262173913043478990e+01
1.275345138881518736e-02,9.987826086956521010e+01,4.397279736788377025e-01,9.093913043478261216e+01
1.112956339898316799e-02,9.990434782608696196e+01,4.806915670633321591e-01,8.999565217391304373e+01
9.108021207477733777e-03,9.993043478260868540e+01,4.114245717940125391e-01,9.080434782608695343e+01
9.579135671905865054e-03,9.996086956521739353e+01,4.621540117522939806e-01,9.082608695652173481e+01
1.017950086489967376e-02,9.992173913043478706e+01,3.905216956916061632e-01,9.221739130434782794e+01
9.035583812257517999e-03,9.993043478260868540e+01,3.307984619036967722e-01,9.304347826086956275e+01
1.245787726796192089e-02,9.989565217391303520e+01,4.314252322134760620e-01,9.128260869565217206e+01
9.614897681319197961e-03,9.991739130434783078e+01,4.295718855184055829e-01,9.127826086956521578e+01
9.191097254338472661e-03,9.994347826086956843e+01,3.676889959884728221e-01,9.317826086956522147e+01
1.024821582047835515e-02,9.990000000000000568e+01,3.751796244279199111e-01,9.168260869565216353e+01
1.276186121546703418e-02,9.984782608695653039e+01,5.174780844346338338e-01,8.917391304347826519e+01
1.073677552782971271e-02,9.992608695652174333e+01,4.136201192503392021e-01,9.150869565217391255e+01
8.956260914387909750e-03,9.992608695652174333e+01,3.720467992450878780e-01,9.246086956521739353e+01
1.057714586672575501e-02,9.990869565217391823e+01,4.337012862381723899e-01,9.078260869565217206e+01
1.005726106788801082e-02,9.989130434782607892e+01,4.024250960868339666e-01,9.177391304347825951e+01
1.018184591894564887e-02,9.992608695652174333e+01,3.326594969500662469e-01,9.346956521739130608e+01
1.007846619771874709e-02,9.991304347826086030e+01,3.551602950562602889e-01,9.303043478260869392e+01
9.809761202853655923e-03,9.992608695652174333e+01,5.338987892088679077e-01,8.853043478260869392e+01
8.937514994455416154e-03,9.992173913043478706e+01,3.975876845743347432e-01,9.222173913043478422e+01
8.427433993505397541e-03,9.996956521739130608e+01,4.363710183164348777e-01,9.105652173913043157e+01
